{
    "Christopher D Manning_P": 0.25,
    "Christopher D Manning_R": 0.3,
    "Christopher D Manning_F1": 0.2727272727272231,
    "Jun'ichi Tsujii_P": 0.8,
    "Jun'ichi Tsujii_R": 0.2857142857142857,
    "Jun'ichi Tsujii_F1": 0.42105263157890854,
    "Dan Klein_P": 0.6363636363636364,
    "Dan Klein_R": 0.875,
    "Dan Klein_F1": 0.7368421052631092,
    "Eduard Hovy_P": 0.375,
    "Eduard Hovy_R": 0.375,
    "Eduard Hovy_F1": 0.37499999999995,
    "Yuji Matsumoto_P": 0.4166666666666667,
    "Yuji Matsumoto_R": 0.7142857142857143,
    "Yuji Matsumoto_F1": 0.5263157894736377,
    "Dan Roth_P": 0.25,
    "Dan Roth_R": 0.4444444444444444,
    "Dan Roth_F1": 0.3199999999999539,
    "Hermann Ney_P": 0.75,
    "Hermann Ney_R": 0.75,
    "Hermann Ney_F1": 0.74999999999995,
    "Mirella Lapata_P": 0.625,
    "Mirella Lapata_R": 0.3125,
    "Mirella Lapata_F1": 0.4166666666666222,
    "average_F1": 0.47732555821366934,
    "accuracy": 0.4625,
    "loss": 1.9826686024665832
}