{
    "Christopher D Manning_P": 0.3333333333333333,
    "Christopher D Manning_R": 0.3,
    "Christopher D Manning_F1": 0.31578947368416066,
    "Jun'ichi Tsujii_P": 0.8,
    "Jun'ichi Tsujii_R": 0.5714285714285714,
    "Jun'ichi Tsujii_F1": 0.6666666666666181,
    "Dan Klein_P": 0.6,
    "Dan Klein_R": 0.75,
    "Dan Klein_F1": 0.6666666666666172,
    "Eduard Hovy_P": 0.375,
    "Eduard Hovy_R": 0.375,
    "Eduard Hovy_F1": 0.37499999999995,
    "Yuji Matsumoto_P": 0.5,
    "Yuji Matsumoto_R": 1.0,
    "Yuji Matsumoto_F1": 0.6666666666666222,
    "Dan Roth_P": 0.4,
    "Dan Roth_R": 0.4444444444444444,
    "Dan Roth_F1": 0.4210526315788975,
    "Hermann Ney_P": 0.7,
    "Hermann Ney_R": 0.875,
    "Hermann Ney_F1": 0.7777777777777284,
    "Mirella Lapata_P": 0.5555555555555556,
    "Mirella Lapata_R": 0.3125,
    "Mirella Lapata_F1": 0.3999999999999539,
    "average_F1": 0.5362024853800685,
    "accuracy": 0.5375,
    "loss": 1.613641381263733
}