{
    "Christopher D Manning_P": 0.2727272727272727,
    "Christopher D Manning_R": 0.3,
    "Christopher D Manning_F1": 0.28571428571423574,
    "Jun'ichi Tsujii_P": 0.7142857142857143,
    "Jun'ichi Tsujii_R": 0.35714285714285715,
    "Jun'ichi Tsujii_F1": 0.4761904761904318,
    "Dan Klein_P": 0.5555555555555556,
    "Dan Klein_R": 0.625,
    "Dan Klein_F1": 0.5882352941175972,
    "Eduard Hovy_P": 0.42857142857142855,
    "Eduard Hovy_R": 0.375,
    "Eduard Hovy_F1": 0.3999999999999502,
    "Yuji Matsumoto_P": 0.4,
    "Yuji Matsumoto_R": 0.8571428571428571,
    "Yuji Matsumoto_F1": 0.5454545454545021,
    "Dan Roth_P": 0.3333333333333333,
    "Dan Roth_R": 0.3333333333333333,
    "Dan Roth_F1": 0.3333333333332833,
    "Hermann Ney_P": 0.6363636363636364,
    "Hermann Ney_R": 0.875,
    "Hermann Ney_F1": 0.7368421052631092,
    "Mirella Lapata_P": 0.5454545454545454,
    "Mirella Lapata_R": 0.375,
    "Mirella Lapata_F1": 0.4444444444443961,
    "average_F1": 0.4762768105646882,
    "accuracy": 0.475,
    "loss": 1.4447018027305603
}