{
    "Christopher D Manning_P": 0.23076923076923078,
    "Christopher D Manning_R": 0.3,
    "Christopher D Manning_F1": 0.26086956521734217,
    "Jun'ichi Tsujii_P": 0.8888888888888888,
    "Jun'ichi Tsujii_R": 0.5714285714285714,
    "Jun'ichi Tsujii_F1": 0.6956521739129958,
    "Dan Klein_P": 0.16666666666666666,
    "Dan Klein_R": 0.25,
    "Dan Klein_F1": 0.19999999999995202,
    "Eduard Hovy_P": 1.0,
    "Eduard Hovy_R": 0.25,
    "Eduard Hovy_F1": 0.39999999999996805,
    "Yuji Matsumoto_P": 0.05555555555555555,
    "Yuji Matsumoto_R": 0.2857142857142857,
    "Yuji Matsumoto_F1": 0.09302325581392623,
    "Dan Roth_P": 0.0,
    "Dan Roth_R": 0.0,
    "Dan Roth_F1": 0.0,
    "Hermann Ney_P": 0.0,
    "Hermann Ney_R": 0.0,
    "Hermann Ney_F1": 0.0,
    "Mirella Lapata_P": 0.2857142857142857,
    "Mirella Lapata_R": 0.125,
    "Mirella Lapata_F1": 0.17391304347821854,
    "average_F1": 0.22793225480280033,
    "accuracy": 0.2375,
    "loss": 2.0482861518859865
}