{
    "Christopher D Manning_P": 0.35294117647058826,
    "Christopher D Manning_R": 0.6,
    "Christopher D Manning_F1": 0.4444444444443978,
    "Jun'ichi Tsujii_P": 1.0,
    "Jun'ichi Tsujii_R": 0.21428571428571427,
    "Jun'ichi Tsujii_F1": 0.3529411764705592,
    "Dan Klein_P": 0.25,
    "Dan Klein_R": 0.625,
    "Dan Klein_F1": 0.3571428571428163,
    "Eduard Hovy_P": 0.0,
    "Eduard Hovy_R": 0.0,
    "Eduard Hovy_F1": 0.0,
    "Yuji Matsumoto_P": 0.21739130434782608,
    "Yuji Matsumoto_R": 0.7142857142857143,
    "Yuji Matsumoto_F1": 0.3333333333332975,
    "Dan Roth_P": 0.0,
    "Dan Roth_R": 0.0,
    "Dan Roth_F1": 0.0,
    "Hermann Ney_P": 0.5,
    "Hermann Ney_R": 0.875,
    "Hermann Ney_F1": 0.6363636363635902,
    "Mirella Lapata_P": 0.6666666666666666,
    "Mirella Lapata_R": 0.125,
    "Mirella Lapata_F1": 0.21052631578944708,
    "average_F1": 0.2918439704430135,
    "accuracy": 0.35,
    "loss": 2.048856496810913
}